epoch,steps,MRR@10,NDCG@10
0,-1,0.90625,0.9169287934808141
1,-1,0.90625,0.9183783538513897
